<?xml version="1.0" encoding="UTF-8"?>
<con:soapui-project id="508b593f-9dda-430d-90c0-8d3848afd03f" activeEnvironment="Default" name="REST Project 1" soapui-version="5.3.0" xmlns:con="http://eviware.com/soapui/config"><con:settings/><con:interface xsi:type="con:RestService" id="c6e13292-9bbe-48f9-95e4-df40033625a4" wadlVersion="http://wadl.dev.java.net/2009/02" name="http://localhost:8085" type="rest" xmlns:xsi="http://www.w3.org/2001/XMLSchema-instance"><con:settings/><con:definitionCache/><con:endpoints><con:endpoint>http://localhost:8085</con:endpoint></con:endpoints><con:resource name="Xml" path="/BloodBankService/rest/costCompute/xml" id="a2df1706-a299-4abf-a437-0b5561462c0b"><con:settings/><con:parameters><con:parameter><con:name>quantity</con:name><con:value>1000</con:value><con:style>QUERY</con:style><con:default>1000</con:default><con:path xsi:nil="true"/><con:description xsi:nil="true"/></con:parameter><con:parameter><con:name>bloodGroup</con:name><con:value>AB </con:value><con:style>QUERY</con:style><con:default>AB </con:default><con:path xsi:nil="true"/><con:description xsi:nil="true"/></con:parameter><con:parameter><con:name>donorType</con:name><con:value>H</con:value><con:style>QUERY</con:style><con:default>H</con:default><con:path xsi:nil="true"/><con:description xsi:nil="true"/></con:parameter></con:parameters><con:method name="Xml 1" id="458b5686-2ec4-4a19-baf4-7408d0f77870" method="GET"><con:settings/><con:parameters/><con:representation type="RESPONSE"><con:mediaType>application/xml</con:mediaType><con:status>200</con:status><con:params/><con:element>result</con:element></con:representation><con:request name="Request 1" id="9fc6bbf4-642c-4c60-9d2b-32804397d6c8" mediaType="application/json"><con:settings><con:setting id="com.eviware.soapui.impl.wsdl.WsdlRequest@request-headers">&lt;xml-fragment/></con:setting></con:settings><con:endpoint>http://localhost:8085</con:endpoint><con:request/><con:originalUri>http://localhost/BloodBankService/rest/costCompute/xml</con:originalUri><con:credentials><con:authType>No Authorization</con:authType></con:credentials><con:jmsConfig JMSDeliveryMode="PERSISTENT"/><con:jmsPropertyConfig/><con:parameters>
  <con:entry key="donorType" value="H"/>
  <con:entry key="bloodGroup" value="AB+"/>
  <con:entry key="quantity" value="1000"/>
</con:parameters><con:parameterOrder><con:entry>quantity</con:entry><con:entry>bloodGroup</con:entry><con:entry>donorType</con:entry></con:parameterOrder></con:request></con:method></con:resource></con:interface><con:properties/><con:wssContainer/><con:oAuth2ProfileContainer/><con:oAuth1ProfileContainer/></con:soapui-project>